745975;Whesstley Envolventes ;5523
448652;Whesstley Corsé ;5865
883682;Whesstley Indicadores ;9823
984863;Whesstley Bigote ;7793
659749;Whesstley Botón ;9444
283889;Whesstley Materiales ;9387
288949;Whesstley Bling ;4985
372576;Whesstley Interno ;4999
289568;Whesstley Válida ;9442
273686;Whesstley Dominio ;4265
672942;Whesstley Locación ;3685
938252;Whesstley Porte ;6434
498674;Whesstley Bench ;8327
468878;Whesstley Torres ;5667
368296;Whesstley Destructurados ;9287
728653;Whesstley Ambientes ;3522
673349;Whesstley Paleta ;3753
593729;Whesstley Showroom ;8962
673967;Whesstley Paletas ;2879
529683;Whesstley Rostro ;9587
869353;Whesstley Bordado ;3269
957566;Whesstley Comercios ;8526
739956;Whesstley Asimetrías ;6387
357623;Whesstley Bandos ;8456
678868;Whesstley Dinámica ;5884
429266;Whesstley Envolvente ;4425
537395;Whesstley Canotier ;9836
484387;Whesstley Aura ;4667
834688;Whesstley Futuras ;6824
796673;Whesstley Asteroides ;9567
862396;Whesstley Roboto ;8594
984847;Whesstley Hombres ;5655
366345;Whesstley Fósforo ;2923
258495;Whesstley Voluntarios ;5652
465782;Whesstley Cromático ;9678
229625;Whesstley Ganchos ;2392
423774;Whesstley Ficciones ;3235
767678;Whesstley Visual ;7236
358425;Whesstley Acción ;9978
223722;Whesstley Cambios ;7373
299835;Whesstley Contactos ;3487
956526;Whesstley Bass ;2495
692623;Whesstley Canvas ;2836
862575;Whesstley Luces ;5385
297742;Whesstley Ipsilon ;5453
395863;Whesstley Bouclé ;5758
457292;Whesstley Fase ;7522
933692;Whesstley Angular ;3362
457842;Whesstley Borde ;6332
579966;Whesstley Ambiente ;4245
467254;Whesstley Asesores ;9728
997396;Whesstley Expertos ;3744
594622;Whesstley Truco ;4648
355773;Whesstley Desarrollo ;4885
634293;Whesstley Grafía ;6828
268952;Whesstley Drapeos ;3458
264985;Whesstley Pristino ;6994
546624;Whesstley Captura ;3572
525655;Whesstley Media ;6542
775289;Whesstley Censura ;3739
244554;Whesstley Hábiles ;9973
276494;Whesstley Cryo ;8599
733659;Whesstley Fuchs ;4936
522474;Whesstley Asteroide ;7322
448966;Whesstley Historias ;3496
896658;Whesstley Noroeste ;5396
886238;Whesstley Bohemio ;8287
487876;Whesstley Neon ;5943
546839;Whesstley Punto ;8693
883957;Whesstley Parches ;2647
655963;Whesstley Covers ;5777
788542;Whesstley Angular ;6839
622257;Whesstley Borde ;7677
264338;Whesstley Ambiente ;7532
592662;Whesstley Asesores ;3633
675429;Whesstley Expertos ;5952
476957;Whesstley Truco ;9654
933839;Whesstley Desarrollo ;7733
744888;Whesstley Grafía ;4392
497356;Whesstley Drapeos ;2397
833634;Whesstley Pristino ;4338
782667;Whesstley Captura ;5255
868296;Whesstley Media ;5345
427773;Whesstley Censura ;4597
656366;Whesstley Hábiles ;9367
463784;Whesstley Cryo ;5988
744648;Whesstley Fuchs ;5767
884289;Whesstley Asteroide ;2242
656225;Whesstley Historias ;5883
577793;Whesstley Noroeste ;4244
823743;Whesstley Bohemio ;3684
678855;Whesstley Neon ;7369
883995;Whesstley Punto ;9336
565885;Whesstley Parches ;9965
389989;Whesstley Covers ;5247
949667;Whesstley Angular ;6886
993284;Whesstley Borde ;2755
394345;Whesstley Ambiente ;7657
275664;Whesstley Asesores ;8757
545293;Whesstley Expertos ;6894
355822;Whesstley Truco ;9854
865454;Whesstley Desarrollo ;8726
632869;Whesstley Grafía ;4823
248687;Whesstley Drapeos ;6378
224564;Whesstley Pristino ;2627
348858;Whesstley Captura ;2367
389362;Whesstley Media ;4496
835624;Whesstley Censura ;8686
589593;Whesstley Hábiles ;5386
756949;Whesstley Cryo ;2838
495667;Whesstley Fuchs ;3794
534954;Whesstley Asteroide ;6585
638344;Whesstley Historias ;3767
745523;Whesstley Noroeste ;3688
563988;Whesstley Bohemio ;5972
522378;Whesstley Neon ;2672
592423;Whesstley Punto ;7468
442844;Whesstley Parches ;7297
333957;Whesstley Covers ;3379
749357;Whesstley Tacón ;2499
633763;Whesstley Respuestas ;5573
776773;Whesstley Tonos ;6568
975783;Whesstley Detalle ;2472
562824;Whesstley Reflejo ;6765
753734;Whesstley Sagitario ;9546
267478;Whesstley Photographie ;6752
934949;Whesstley Anorak ;2469
526469;Whesstley Memoria ;9668
372926;Whesstley Encajes ;5724
777282;Whesstley Paris ;9949
796533;Whesstley Glosarios ;8846
693347;Whesstley Sublime ;9997
677645;Whesstley Clásico ;7852
433378;Whesstley Núcleo ;6648
487947;Whesstley Auto ;7448
743995;Whesstley Hábil ;2329
223748;Whesstley Galanes ;4767
976536;Whesstley Híbridos ;5565
744523;Whesstley Top ;2722
682677;Whesstley Curca ;3626
648687;Whesstley ángulo ;8988
393962;Whesstley Nuova ;8258
853963;Whesstley Beta ;8856
924796;Whesstley Bling ;4683
525328;Whesstley Pop ;7582
377366;Whesstley Angular ;9228
293562;Whesstley Vita ;3983
887384;Whesstley Web ;3465
956478;Whesstley Asimétrico ;3793
573692;Whesstley Lógicos ;9342
583768;Whesstley Trucos ;7943
226349;Whesstley Alternativos ;2266
888866;Whesstley Luminicos ;2648
639928;Whesstley Casual ;7876
949356;Whesstley Sello ;3693
386444;Whesstley Gamma ;5233
928276;Whesstley Entretejidos ;6678
436682;Whesstley Segura ;3432
433629;Whesstley Fondos ;5246
584575;Whesstley Encabezado ;2546
852252;Whesstley Entrada ;6699
764849;Whesstley Sitio ;2637
922555;Whesstley Backstage ;3964
433642;Whesstley Andróginos ;8758
734578;Whesstley Agudo ;9676
884282;Whesstley Entretejido ;2839
255277;Whesstley Cara ;2389
275358;Whesstley Crypto ;9879
349828;Whesstley Colores ;5582
834944;Whesstley Propias ;5277
776239;Whesstley Simetría ;2489
392746;Whesstley Hebillas ;5555
742944;Whesstley Asimétrica ;4332
748452;Whesstley Multimarca ;7395
696787;Whesstley Formativos ;8642
298637;Whesstley Solución ;4955
577623;Whesstley Asimetría ;9874
254894;Whesstley Industriales ;3545
772656;Whesstley Tiendas ;2773
987868;Whesstley Compás ;6687
547775;Whesstley Fuentes ;7264
553596;Whesstley Negros ;7696
778248;Whesstley Materiales ;3447
827568;Whesstley Pica ;3927
245647;Whesstley Tinta ;6955
789482;Whesstley Código ;7842
574385;Whesstley Total ;4632
258542;Whesstley Diana ;2359
756246;Whesstley Cromática ;4232
294563;Whesstley Seguro ;6564
343774;Whesstley Puntos ;8784
693662;Whesstley Integrador ;2322
842273;Whesstley Bailarina ;6598
784559;Whesstley Belles ;5935
727848;Whesstley Respuestas ;5753
969622;Whesstley Atmosferas ;3277
686969;Whesstley Contra ;7832
333694;Whesstley Borsalino ;2475
782268;Whesstley Itálico ;6683
948322;Whesstley Desarrollos ;5528
628372;Whesstley Moda ;9472
784279;Whesstley Piratas ;2982
962223;Whesstley Grado ;2368
538237;Whesstley Expresión ;7357
353699;Whesstley Dinámicos ;6496
636968;Whesstley Cortes ;4474
437346;Whesstley Válidos ;3592
223329;Whesstley Análisis ;8267
259684;Whesstley Recurso ;9348
774677;Whesstley Enmarcar ;5275
724562;Whesstley Voluntario ;7339
276886;Whesstley Sublime ;2589
343525;Whesstley Tempo ;6754
686567;Whesstley Capturas ;6779
787835;Whesstley Lente ;7862
595466;Whesstley Entradas ;3598
653235;Whesstley Corte ;5439
746999;Whesstley Marco ;3639
755299;Whesstley Platas ;5229
279997;Whesstley Abstracta ;8653
742879;Whesstley Manejo ;4369
398326;Whesstley Oculares ;4764
969742;Whesstley Star ;9335
522568;Whesstley Clara ;8625
652276;Whesstley Alfombra Roja ;3657
843499;Whesstley Cliché ;7466
383258;Whesstley Cuidados ;3893
668492;Whesstley Bench ;9667
279363;Whesstley Clásica ;3327
643852;Whesstley Direcciones ;7645
883826;Whesstley Pictórico ;3233
628836;Whesstley Aid ;3884
649827;Whesstley Ambiente ;2488
992585;Whesstley Contour ;6534
489259;Whesstley Tokyo ;8855
858444;Whesstley Composciones ;8679
247672;Whesstley Pinturas ;2832
469667;Whesstley Fábricas ;3854
457942;Whesstley Borradores ;2476
779589;¡Obtenga un 70% de descuento en la compra de su dominio con GoDaddy! ;2492
379382;Whesstley Diamantes ;8924
769468;Whesstley Puntos ;3559
569536;Whesstley Balísticos ;3492
694922;Whesstley Lógicos ;7549
477349;Whesstley Integral ;4822
683695;Whesstley Cool ;4584
838423;Whesstley Minimalism ;6444
423253;Whesstley Propio ;5264
323726;Whesstley Precisos ;7937
323552;Whesstley Shift ;3625
542425;Whesstley Futura ;2535
249736;Whesstley Color ;8865
438824;Whesstley Sur ;2822
969583;Whesstley Ficción ;8446
367249;Whesstley Aid ;6278
797325;Whesstley Wild ;8248
575834;Whesstley Gala ;2287
849578;Whesstley Bellas ;5223
782998;Whesstley Ideal ;9574
353282;Whesstley Catwalk ;8863
423652;Whesstley ángulo ;4758
376595;Whesstley Gamma ;6477
777522;Whesstley Gancho ;9549
779664;Whesstley Cánones ;3338
775663;Whesstley Hebillas ;7794
693299;Whesstley Andróginos ;8858
537948;Whesstley Real ;5967
656244;Whesstley Brocados ;4975
649623;Whesstley Isotipo ;5764
824422;Whesstley Experiencias ;9829
975557;Whesstley Estolas ;9445
368443;Whesstley Zip ;3535
289534;Whesstley Natural ;5795
862296;Whesstley Vela ;8488
299578;Whesstley Angular ;3637
894257;Whesstley Manejos ;9738
499435;Whesstley Low ;7636
857269;Whesstley-tel ;4872
839464;Whesstley Rostro ;7873
798597;Whesstley Talleres ;4473
547636;Whesstley Bigote ;4368
545792;Whesstley Fase ;9775
858989;Whesstley Telón ;3942
737572;Whesstley Nítidos ;2922
935389;Whesstley Parche ;6536
488574;Whesstley Generador ;7534
595867;Whesstley Catálogos ;5347
826662;Whesstley Algoritmo;4222
553748;Whesstley Gráficos ;6885
362882;Whesstley Fábrica ;7486
866245;Whesstley Ciclos ;8283
296469;Whesstley Boheme ;5543
893492;Whesstley Tendencias ;5688
435229;Whesstley Sello ;6495
855347;Whesstley Botón ;8556
267883;Whesstley Armario ;2222
845847;Whesstley Dinámica ;8828
748629;Whesstley Torres ;8927
699276;Whesstley Principio ;3999
576659;Whesstley Cromática ;4865
888423;Whesstley Haute ;7479
863428;Whesstley Estilo ;6639
554562;Whesstley Entretejidos ;2974
769632;Whesstley Cartón ;5444
266263;Whesstley Control ;4485
646782;Whesstley Estratos ;9772
979549;Whesstley Plata ;5524
445558;Whesstley Modular ;2567
298833;Whesstley Galería ;8946
895748;Whesstley Asesores ;9732
428977;Whesstley Chromo ;6855
834249;Whesstley Planes ;4876
568646;Whesstley Bohemios ;2482
979993;Whesstley Surreales ;9487
325887;Whesstley Alternativa ;5697
224496;Whesstley Montajes ;7552
424762;Whesstley Caligrafía ;2875
593497;Whesstley Rua ;3644
498969;Whesstley Dinámicas ;3853
368724;Whesstley Bailarina ;8739
899778;Whesstley Coolhunter ;8669
829774;Whesstley Art ;5595
726536;Whesstley Facade ;3436
939594;Whesstley Click ;7488
854949;Whesstley Engel ;4238
284377;Whesstley Distribución ;5772
793669;Whesstley Genera ;8596
922728;Whesstley Chance ;4294
683873;Whesstley-trika ;7884
895857;Whesstley Envolventes ;7556
277596;Whesstley Pinceles ;7699
897439;Whesstley Aplique ;9446
359876;Whesstley Misiones ;4458
763578;Whesstley Nominales ;7643
457952;Whesstley Roboto ;9868
452886;Whesstley Entrada;7735
352643;Whesstley Zip ;5682
945535;Whesstley Neon ;4475
732532;Whesstley Local ;2727
668867;Whesstley Trucos ;2377
273295;Whesstley Canon ;3445
476369;Whesstley Voltaje ;8294
856296;Whesstley Encajes ;4789
445673;Whesstley Lienzos ;8344
452534;Whesstley Universum ;4437
926482;Whesstley Oportuno ;7293
466747;Whesstley Rostros ;7496
255494;Whesstley Ideas ;9333
698566;Whesstley Picis ;8983
854942;Whesstley Estelares ;6826
757262;Whesstley Bigote ;7824
767674;Whesstley Alpha ;2346
497265;Whesstley Actualidades ;7764
443623;Whesstley Nítidos ;7399
593324;Whesstley Npitido ;7455
927528;Whesstley Engel ;6637
933862;Whesstley Ella ;2768
466872;Whesstley Objeto ;4896
436665;Whesstley Timer ;8728
622864;Whesstley Ambiente ;6896
863445;Whesstley Distribuciones ;2888
836485;Whesstley Entretiempos ;9694
278745;Whesstley Diversifica ;4449
878269;Whesstley Font ;7683
896553;Whesstley Modelo ;2664
698926;Whesstley-app ;9982
339384;Whesstley Querubín ;6364
363778;Whesstley Vestidos ;2263
947852;Whesstley Códigos ;4533
254474;Whesstley Prioridad ;3883
772498;Whesstley Girls ;3623
698934;Whesstley ángulo ;4483
894362;Whesstley Draft ;3729
773443;Whesstley Botones ;8837
448272;Whesstley Truco ;8482
423238;Whesstley Integradores ;2393
995786;Whesstley Talentos ;3842
725596;Whesstley Campos ;2997
393453;Whesstley Rojo ;3474
985232;Whesstley Cánones ;7529
428748;Whesstley Estilos ;4346
332695;Whesstley Divas ;6594
544279;Whesstley Corsé ;4399
982325;Whesstley Balística ;2793
743739;Whesstley Material ;5354
675777;Whesstley Galas ;5836
725253;Whesstley Válido ;2557
264547;Whesstley Generador ;7527
622596;Whesstley Kitten ;8878
752393;Whesstley Habilidades ;4687
282755;Whesstley Artiística ;3765
789656;Whesstley Negra ;7462
468684;Whesstley Resistencias ;5335
744248;Whesstley Sureste ;6643
693356;Whesstley Mujer ;3798
838895;Whesstley Analítico ;7978
528442;Whesstley Simétrico ;8629
342978;Whesstley Generadores ;4556
475435;Whesstley Rockabillies ;4279
679255;Whesstley Bastidores ;4456
693364;Whesstley Precisa ;8769
422584;Whesstley Incidentes ;4557
999739;Whesstley Libra ;4298
993272;Whesstley Cambios ;8743
369292;Whesstley Chantilí ;4433
946288;Whesstley Wow ;7599
774453;Whesstley Audencias ;3296
688576;Whesstley Flop ;8933
553367;Whesstley Tacón ;8687
258983;Whesstley Hábiles ;4652
344575;Whesstley Elásticas ;3659
264422;Whesstley Ambientales ;9967
745766;Whesstley Rostro ;8378
789368;Whesstley Estelares ;3965
794754;Whesstley Perfil ;2538
444385;Whesstley Dominio ;6652
777582;Whesstley Proporciones ;8243
572788;Whesstley Asimétrica ;4759
459257;Whesstley Girls ;4579
794935;Whesstley Abstracto ;8263
855356;Whesstley Lienzos ;9322
573266;Whesstley Consistencias ;5487
246693;Whesstley Rojo ;8225
563799;Whesstley Desarrollos ;2924
857643;Whesstley Columna ;3679
987226;Whesstley Industriales ;3979
376494;Whesstley Palet ;2828
396993;Whesstley Experiencia ;7597
946976;Whesstley Fases ;3728
426972;Whesstley Cromáticos ;8695
575298;Whesstley Cryo ;5536
676256;Whesstley Estilos ;8483
964492;Whesstley Productivas ;5479
255396;Whesstley Modelos ;8493
774244;Whesstley Acciones ;9248
796583;Whesstley Sass ;4272
979585;Whesstley Aguja ;8566
782783;Whesstley Brush ;6974
775267;Whesstley Espacios ;2692
796797;Whesstley Marco ;7432
275256;Whesstley England ;4838
554433;Whesstley Top Models ;3895
948937;Whesstley Ctrl ;4568
744637;Whesstley Asesor ;5927
965849;Whesstley Retro ;3784
486298;Whesstley Atmosferas ;2697
333529;Whesstley únicos ;2238
494423;Whesstley Chromo ;3442
733356;Whesstley Retratos ;5387
464223;Whesstley Actuales ;8373
627688;Whesstley Multimarcas ;5548
833642;Whesstley Firewalls ;7332
657466;Whesstley Chantilí ;5563
874355;Whesstley Engel ;7877
778523;Whesstley-tek ;3466
683378;Whesstley Voluntario ;2976
662562;Whesstley Panel ;2699
397484;Whesstley Matices ;2939
457658;Whesstley Bass ;5634
683754;Whesstley Artsy ;2547
256775;Whesstley Recursos ;9632
662459;Whesstley Tinta ;5469
669557;Whesstley Luminiscencias ;8465
844252;Whesstley Artiística ;9932
367764;Whesstley Color ;4943
229223;Whesstley Hyper- ;5958
878288;Whesstley Casuales ;9894
995674;Whesstley Npitido ;8484
764384;Whesstley Bordes ;8879
736275;Whesstley Alternativa ;3288
263489;Whesstley Acumulador ;9558
333825;Whesstley Tienda ;7352
586797;Whesstley Contacto ;3774
458492;Whesstley Núcleo ;7979
689432;Whesstley Shutter ;5789
444798;Whesstley Grado ;9955
564239;Whesstley Chiffon ;8926
685664;Whesstley Alfombra Roja ;9649
676543;Whesstley Vestido ;7973
274488;Whesstley Contendios ;4339
629339;Whesstley Lente ;9586
978728;Whesstley Snaps ;7953
639734;Whesstley Changing Room ;9637
874999;Whesstley Grafía ;6878
837259;Whesstley Central ;3385
857254;Whesstley Compás ;8877
472545;Whesstley Específico ;8883
666997;Whesstley Lambda ;8782
984575;Whesstley-trika ;9773
673556;Whesstley Perfiles ;4996
774228;Whesstley Joya ;2527
485656;Whesstley Supra ;2785
663228;Whesstley Extensiones ;7443
932853;Whesstley Clicks ;9628
236435;Whesstley Charoles ;9246
975233;Whesstley Activa ;9343
857573;Whesstley Wild ;9493
962877;Whesstley Diana ;9532
963877;Whesstley Art ;6295
855793;Whesstley Asesores ;7865
574242;Whesstley Infra ;8459
832848;Whesstley Ink ;5448
393564;Whesstley Giga ;5992
722382;Whesstley Web ;6354
854833;Whesstley Gala ;7886
853979;Whesstley Margen ;8437
744668;Whesstley Roja ;3669
882655;Whesstley Actualidades ;6347
642664;Whesstley Descriptiva ;8894
266862;Whesstley Resultados ;5968
773788;Whesstley-grafico ;3858
627424;Whesstley Flujo ;3694
463888;Whesstley Flor ;5736
799495;Whesstley Top-model ;7547
287584;Whesstley Específicos ;4234
932824;Whesstley Cámara ;2763
757794;Whesstley Misiones ;4879
252848;Whesstley Norte ;8696
882864;Whesstley Gadget ;2496
462272;Whesstley Caras ;9939
534886;Whesstley Blanco ;2998
925586;Whesstley Chiffones ;4284
233949;Whesstley Luz ;3549
783536;Whesstley Taller ;7492
424876;Whesstley Cravatte ;6767
873486;Whesstley Outfit ;6946
342382;Whesstley Plata ;9783
692729;Whesstley Máximos ;2989
737554;Whesstley Conglomerados ;6667
899857;"Haga clic para Verificar la disponibilidad del Dominio;";3785
794639;Whesstley Ink ;7477
586538;Whesstley Aguda ;2286
268578;Whesstley Calzados ;9653
424586;Whesstley Corsario ;4436
246573;Whesstley Torre ;5929
524343;Whesstley Destructurada ;5494
725267;Whesstley Eficiente ;3363
386875;Whesstley Tacones ;5322
296482;Whesstley Balística ;9685
364635;Whesstley Pincel ;8978
864677;Whesstley Glam ;4366
785682;Whesstley Imagen ;4254
655998;Whesstley Expresión ;7929
696659;Whesstley Alfombras Rojas ;3382
462282;Whesstley Audiencia ;7282
895466;Whesstley Mink ;8259
624388;Whesstley Oportuno ;8458
592685;Whesstley Sello ;6433
696333;Whesstley Visiones ;8587
977483;Whesstley Catalogo ;3587
458437;Whesstley Mujeres ;9639
667336;Whesstley Nominal ;5537
853854;Whesstley Borsalino ;3757
763387;Whesstley Pinceles ;2375
384293;Whesstley Contenido ;4524
694534;Whesstley Actual ;8839
779973;Whesstley Páginas ;5834
479329;Whesstley Estrategia ;5349
753952;Whesstley Dominios ;6778
796399;Whesstley Líneas ;7287
367222;Whesstley Análisis ;2562
297267;Whesstley Lumínico ;4394
295576;Whesstley Matiz ;9375
686395;Whesstley Enter ;2779
345323;Whesstley Contendios ;4285
628332;Whesstley Reales ;5973
338699;Whesstley Rojo ;5226
667753;Whesstley Basal ;7577
487898;Whesstley Wow ;9833
864664;Whesstley Local ;8335
882298;Whesstley Navegaciones ;9824
628549;Whesstley Evaluación ;3777
447526;Whesstley Grafías ;2594
975524;Whesstley Pixeles ;3552
953827;Whesstley Superficio ;4452
762637;Whesstley Modelo ;6342
495732;Whesstley Industriales ;8325
744239;Whesstley Panel ;9858
726434;Whesstley Paletas ;6724
993232;Whesstley Cuidado ;9223
489222;Whesstley Picasso ;9596
253765;Whesstley Diamante ;8944
582528;Whesstley Fase ;5735
753879;Whesstley Pantone ;9249
578869;Whesstley Formas ;2863
529662;Whesstley Palet ;6696
342633;Whesstley Límite ;8277
642784;Whesstley Rooms ;9893
424567;Whesstley Luces ;6846
754495;Whesstley Hebillas ;9976
897266;Whesstley Contexto ;5332
547864;Whesstley RGB ;5632
887855;Whesstley Lapislázuli ;2387
745392;Whesstley Direcciones ;4396
459739;Whesstley Tool ;8834
292423;Whesstley Flash ;6329
458894;Whesstley Femtech ;3499
757465;Whesstley Curca ;8383
766535;Whesstley Trendsetter ;9848
379722;Whesstley Productivo ;3573
668436;Whesstley Diseño ;3437
234497;Whesstley Stars ;7558
984486;Whesstley-tel ;8428
725938;Whesstley Brillo ;8457
362265;Whesstley Densidad ;7438
996978;Whesstley Figuras ;4792
685284;Whesstley Asimétricos ;9233
786689;Whesstley Precisa ;6889
587663;Whesstley Bailarinas ;5279
762294;Whesstley Room ;4662
486223;Whesstley Noches ;3797
229743;Whesstley Elástico ;3242
724556;Whesstley Bordes ;7592
472728;Whesstley Oblicua ;2493
775686;Whesstley Hydro ;3968
637426;Whesstley Núcleos ;4277
366332;Whesstley Pallets ;6876
495628;Whesstley Boosts ;3787
962622;Whesstley Draft ;9448
282825;Whesstley Andróginos ;4259
682764;Whesstley Torre ;5242
962747;Whesstley Nítidos ;4966
688767;Whesstley Trucos ;8949
284953;Whesstley Saturaciones ;6553
946255;Whesstley Códigos ;3828
378259;Whesstley Entretiempo ;2246
967284;Whesstley Monograma ;4696
422567;Whesstley Densidades ;4724
924869;Whesstley Crypto ;4629
279229;Whesstley Campo ;5445
222976;Whesstley Diseños ;5564
345465;Whesstley Ocular ;5669
475973;Whesstley Telones ;5465
847679;Whesstley Flexible ;8968
273786;Whesstley Sublime ;2323
952233;Whesstley Centrales ;9257
927953;Whesstley Asteroide ;6636
296984;Whesstley Grafías ;4268
736737;Whesstley Nominales ;4487
337536;Whesstley Decender ;2385
259653;Whesstley Objeto ;9679
894767;Whesstley Pantone ;8872
967267;Whesstley Zorro ;6675
724384;Whesstley Flujos ;2626
986576;Whesstley Algortimos ;6742
456242;Whesstley Académico ;5238
569929;Whesstley Producto ;2754
873655;Whesstley Textiles ;5849
252452;Whesstley Covers ;4798
465875;Whesstley Fósforo ;8939
384574;Whesstley Cámara ;9428
535386;Whesstley Estrategias ;5843
348262;Whesstley Líneas ;7787
389863;Whesstley Pop ;6624
523329;Whesstley Habilidades ;9443
944723;Whesstley Natural ;3992
443228;Whesstley Babucha ;5365
284839;Whesstley Precisos ;3299
676324;Whesstley Tendencias ;8266
832375;Whesstley Formales ;4878
338238;Whesstley Dinámica ;3282
639656;Whesstley Matices ;7939
463847;Whesstley Star ;2862
334957;Whesstley Create ;3236
857358;Whesstley Casual ;8823
844882;Whesstley Cara ;8723
499328;Whesstley Miró ;2335
946734;Whesstley Kashmere ;3873
532523;Whesstley Conglomerado ;5786
486695;Whesstley Banners ;5752
368922;Whesstley Snaps ;7442
254986;Whesstley Nuova ;8235
389699;Whesstley Loop ;8674
757797;Whesstley Ad Lib ;9392
526963;Whesstley Contra ;4776
388363;Whesstley Diversifica ;3976
879285;Whesstley Sensación ;5797
349778;Whesstley Servicios ;4495
395779;Whesstley Flores ;7878
675648;Whesstley Vitrales ;5932
243349;Whesstley Integrador ;5653
726965;Whesstley Flujo ;6937
279554;Whesstley Priridades ;3427
783793;Whesstley Web ;3332
437897;Whesstley Vita ;4565
964528;Whesstley Bordados ;5325
928547;Whesstley Intercambio ;3358
442538;Whesstley Peques ;3848
897768;Whesstley Activa ;7992
827953;Whesstley Formativo ;2252
256789;Whesstley Consejos ;8773
232386;Whesstley Híbirdo ;3384
288788;Whesstley Cuña ;7598
865339;Whesstley Indicadores ;3994
997843;Whesstley Barba ;2898
929396;Whesstley Asimétirca ;6455
789789;Whesstley Columna ;6872
954666;Whesstley Estola ;6899
678487;"Haga clic para Verificar la disponibilidad del Dominio;";7723
486472;Whesstley Cover Girl ;2363
662662;Whesstley Consultores ;4295
749853;Whesstley Portes ;6926
692686;Whesstley Fondos ;4964
589928;Whesstley Propios ;2265
483437;Whesstley Enter ;3342
546457;Whesstley Lambda ;5944
295535;Whesstley Evolución ;8388
349397;Whesstley Sensaciones ;7396
359854;Whesstley Capturas ;5495
225857;Whesstley Detalles ;2338
787388;Whesstley Reflejos ;8658
832923;Whesstley Noreste ;4645
278574;Whesstley Conglomerados ;5689
678664;Whesstley Firewall ;5289
662265;Whesstley Respaldo ;5476
244529;Whesstley Ambiental ;6832
537457;Whesstley Académicas ;4445
663893;Whesstley Simetrías ;4562
756549;Whesstley Rizos ;7935
742548;Whesstley Ficción ;7866
285698;Whesstley Picis ;3674
858979;Whesstley Formativas ;5828
353994;Whesstley Cámara ;9884
679873;Whesstley Edades ;2663
566643;Whesstley Disk ;4762
766283;Whesstley Simétrico ;8424
562322;Whesstley Algoritmo ;9378
578227;Whesstley Nuovo ;8429
285479;Whesstley Blanca ;6382
495223;Whesstley Pasarelas ;4796
395867;Whesstley Enmarcar ;9933
653426;Whesstley Tendencias ;7765
564227;Whesstley Surreales ;4995
253783;Whesstley Telón ;9882
764359;Whesstley-grafico ;7975
448748;Whesstley Gráfico ;4663
879685;Whesstley Outfits ;9799
734488;Whesstley Filtro ;9749
946287;Whesstley Naturales ;5696
844535;Whesstley Picasso ;3467
479557;Whesstley Parches ;2439
965767;Whesstley Celuloide ;6927
537374;Whesstley Bailarinas ;2292
973647;Whesstley Belles ;4426
885533;Whesstley Reflejo ;2623
863268;Whesstley Ancla ;4539
943553;Whesstley Luminiscencia ;3438
993462;Whesstley Van Den Art ;7894
457674;Whesstley Mantra ;3877
943686;Whesstley Tienda ;4694
394352;Whesstley Puntos ;6856
677644;Whesstley Pristino ;8393
228465;Whesstley Gadget ;9423
566624;Whesstley-cult ;5549
284223;Whesstley Anclas ;7936
384332;Whesstley Diana ;6576
895624;Whesstley Da Vinci ;2293
585283;Whesstley Novo ;9252
952797;Whesstley Barroco ;3456
792722;Whesstley Consejo ;9222
286399;Whesstley Complemento ;3247
289378;Whesstley Toner ;8774
689378;Whesstley Clados ;6968
459825;Whesstley Fase ;6928
256679;Whesstley Zorros ;8296
422664;Whesstley Local ;5739
354435;Whesstley Principio ;3586
822852;Whesstley Oportuno ;3887
964899;Whesstley Destructurados ;4286
859852;Whesstley Whisky ;3354
794269;Whesstley Producto ;3783
894577;Whesstley Alfombras Rojas ;6743
632457;Whesstley Priridades ;6575
747546;Whesstley Atmosferas ;8678
537975;Whesstley Resultados ;2357
959972;Whesstley Cubismo ;9892
769853;Whesstley Servicios ;2824
795247;Whesstley Serif ;8888
943745;Whesstley Estructuras ;7988
256773;Whesstley Ambientes ;9697
927773;Whesstley Surfaces ;3589
945792;Whesstley Gancho ;2555
242649;Whesstley Facade ;5556
243685;Whesstley ópticos ;4773
469428;Whesstley Balísticos ;8727
857997;Whesstley Bello ;2846
929693;Whesstley Memorables ;8699
584729;Whesstley Lumínica ;6689
637633;Whesstley Pasarela ;4697
449439;Whesstley-tek ;7725
424528;Whesstley Productivo ;2285
848574;Whesstley Modelos ;2654
669436;Whesstley Resistencia ;6729
858336;Whesstley Sagitario ;5456
586756;Whesstley Sensaciones ;5989
538949;Whesstley Actuales ;8433
796777;Whesstley Pictórica ;4723
345895;Whesstley-app ;5963
646765;Whesstley Rostros ;6776
475773;Whesstley Abrigos ;9338
595322;Whesstley Telón ;3894
522868;Whesstley Curca ;7669
349986;Whesstley Título ;4779
222585;Whesstley Lumínica ;7458
948339;Whesstley Papiro ;6339
933779;Whesstley Filtro ;7429
277958;Whesstley Concéntrico ;2474
289837;Whesstley Negros ;4689
482358;Whesstley Estolas ;5979
983342;Whesstley Lumínico ;4797
835947;Whesstley Rojos ;8734
382635;Whesstley Bling ;3949
764578;Whesstley Edades ;7846
866857;Whesstley Cartones ;9898
825486;Whesstley Capacidad ;9698
849968;Whesstley Outfit ;9473
864972;Whesstley Npitido ;4334
794942;Whesstley Dada ;9748
885623;Whesstley Armarios ;3377
746785;Whesstley Ocular ;7676
962724;Whesstley Fotones ;6727
365975;Whesstley Room ;2468
566648;Whesstley Balconette ;6357
666338;Whesstley Kids ;7536
354827;Whesstley Gama ;9272
655325;Whesstley Gancho ;9295
859635;Whesstley Byte ;6582
843848;Whesstley Actualidad ;7887
582266;Whesstley Vestido ;9383
349573;Whesstley Soluciones ;6259
226287;Whesstley Integradores ;8498
665555;Whesstley Académica ;3859
447923;Whesstley Pasarela ;2949
464646;Whesstley Pintura ;5857
483555;Whesstley Núcleos ;8992
645538;Whesstley Entretejidos ;7464
969696;Whesstley Recuerdos ;4267
227792;Whesstley Mentes ;3722
688588;Whesstley Distribución ;8476
454385;Whesstley Centrales ;6697
279474;Whesstley Apps ;7423
574559;Whesstley Rayo ;5642
825295;Whesstley Ideales ;4555
997968;"Haga clic para Verificar la disponibilidad del Dominio;";5782
967528;Whesstley Tienda ;2677
979743;Whesstley Telones ;8867
589896;Whesstley Cortes ;3745
932252;Whesstley Decisión ;3967
363779;Whesstley Noreste ;3792
764958;Whesstley Contraste ;8434
743254;Whesstley Principio ;9675
633947;Whesstley Asimétrica ;3529
479256;Whesstley Clásica ;6556
239538;Whesstley Habilidades ;8779
443899;Whesstley Paletas ;7457
832545;Whesstley Servicios ;7325
343942;Whesstley A ;4852
272963;Whesstley Ctrl ;7575
726896;Whesstley Tool ;3584
339234;Whesstley Ad Lib ;9998
694342;Whesstley ángulos ;9344
793226;Whesstley Lienzo ;5423
584988;Whesstley Estructuras ;5976
459798;Whesstley Cromático ;4938
332958;Whesstley Grafía ;6843
792673;Whesstley Shutter ;3594
379863;Whesstley Felxibles ;8228
634855;Whesstley Gigante ;3755
698249;Whesstley Capturas ;5886
958333;Whesstley Brocado ;6725
897329;Whesstley Acumulador ;2587
846493;Whesstley Ambience ;2262
256674;Whesstley Híbrida ;4364
249526;Whesstley Memorable ;6346
594345;Whesstley Oportuno ;6989
325354;Whesstley Objetos ;7453
396256;Whesstley-me ;2927
782849;Whesstley Negra ;8948
772292;Whesstley Imagenes ;2277
966928;Whesstley Actualidades ;3945
685689;Whesstley Expresión ;7875
594273;Whesstley Titulares ;5224
352467;Whesstley Evaluaciones ;6423
248884;Whesstley Anti-error ;4442
365248;Whesstley Couture ;2657
265436;Whesstley Libra ;2289
293852;Whesstley Misiones ;7827
365686;Whesstley Filtros ;4262
994325;Whesstley Por Siempre ;2639
977887;Whesstley Mujeres ;8755
262345;Whesstley Andros ;7327
759784;Whesstley Nero ;3836
657277;"Haga clic para Verificar la disponibilidad del Dominio;";7539
489734;Whesstley Minimalism ;4359
563273;Whesstley Sensaciones ;2428
639396;Whesstley Saturaciones ;6559
259257;Whesstley Sublime ;6223
445966;Whesstley Girls ;2593
743697;Whesstley Ensamble ;6393
478328;Whesstley Covers ;3838
725669;Whesstley Adaptación ;9468
332234;Whesstley Dominio ;4824
363579;Whesstley Talento ;6983
569859;Whesstley Galanes ;8442
535427;Whesstley Tienda ;9765
362838;Whesstley Sold ;5658
833324;Whesstley Vichy ;7829
394347;Whesstley Ella ;4734
723866;Whesstley Densidad ;8788
692339;Whesstley Artiística ;3795
269993;Whesstley Sensación ;7364
262329;Whesstley Optik ;2452
594844;Whesstley Toi ;8242
259725;Whesstley Gráfica ;6386
522432;Whesstley Estudio ;7898
929699;Whesstley Prioridad ;9268
357265;Whesstley Evaluaciones ;4753
582998;Whesstley Eventos ;6694
286755;Whesstley Ilustra ;7499
649358;Whesstley Cool ;8379
259635;Whesstley Cámara ;3748
725544;Whesstley Metrics ;7487
256695;Whesstley Ganchos ;6464
957522;Whesstley Interacción ;5872
458525;Whesstley Tools ;9334
386687;Whesstley Onda ;5686
386984;Whesstley Simetrías ;4922
469672;Whesstley Van Den Art ;4635
694453;Whesstley Pasarelas ;4246
534528;Whesstley Ondas ;5776
388686;Whesstley Photoshoots ;6578
452853;Whesstley Consultor ;9989
889426;Whesstley Paleta ;4349
525963;Whesstley Extensión ;4544
995958;Whesstley Alternativa ;5545
352554;Whesstley Descriptivo ;4236
883534;Whesstley Envolventes ;6525
578268;Whesstley Andros ;6685
446628;Whesstley Navegaciones ;9289
563852;Whesstley Mujeres ;4626
292886;Whesstley Contextos ;3855
884979;Whesstley Bordado ;4665
288623;Whesstley Evolución ;4393
583598;Whesstley Corsarios ;8524
786925;Whesstley Lux ;8333
867875;Whesstley Plan ;7656
693679;Whesstley Belles ;2787
724364;Whesstley áreas ;8597
276373;Whesstley Borradores ;6555
245653;Whesstley Captura ;8463
649552;Whesstley Columna ;9658
435729;Whesstley Glosario ;9288
688584;Whesstley Mente ;4574
978949;Whesstley Infra ;7639
745925;Whesstley Audencias ;2962
566822;Whesstley Max ;4448
332864;Whesstley-me ;4598
249968;Whesstley Botón ;2762
896968;Whesstley Code ;5375
565857;Whesstley Modelo ;8473
235462;Whesstley Blancos ;2529
364889;Whesstley Create ;4942
432599;Whesstley Sellos ;2426
734737;Whesstley Intercambios ;6252
278375;Whesstley Capturas ;9669
643528;Whesstley Dirección ;9963
569845;Whesstley Parche ;4363
782933;Whesstley Real ;3395
787625;Whesstley Counter ;4738
545444;Whesstley Académicas ;2745
247699;Whesstley Alternativos ;4527
225543;Whesstley Asteroides ;2767
984444;Whesstley Zip ;6385
826782;Whesstley Indicadores ;7243
723452;Whesstley Filtros ;2696
545466;Whesstley Artísticos ;3872
999659;Whesstley Hilos ;4765
946269;Whesstley Glam ;3345
728289;Whesstley Shift ;2244
556445;Whesstley Background ;3952
395385;Whesstley Querubín ;2356
222754;Whesstley Misión ;3249
744359;Whesstley Ipsilon ;7633
292247;Whesstley Catalogo ;8762
356275;Whesstley Enter ;3253
345975;Whesstley Cartón ;8656
222728;Whesstley Rostros ;7879
938854;Whesstley-art ;4484
284796;Whesstley Oblicuo ;6642
279365;Whesstley Zorros ;4857
593822;Whesstley Hilos ;3736
863877;Whesstley Tienda ;2882
988534;Whesstley Destructurada ;7326
733253;Whesstley Columnas ;4446
874963;Whesstley Van Den Art ;5434
364582;Whesstley Entrada ;6388
273922;Whesstley Toi ;9722
367498;Whesstley Estudio ;4489
735474;Whesstley Glosarios ;7523
11218;pruebadearticulo;67812
65432;tapabocas;5000000
313;asdfsads;sadfga
